"Title","Shop","6mo Trend","6mo Revenue","6mo Sales","Conversion","Price","Date Listed","Reviews","Favorites","Views","Type","Rating","Title Length","Feature Rank","Tags Count","Customizable","Personalizable","Variants","Processing Time","Auto Renew","Digital Listings","Date Made","Maker","Supply item","Shop Sales","Shop Age","Location","Age","Category","Outlier"
Ultimate Annual Budget Spreadsheet Excel Google Sheets Budget Template Monthly Budget Tracker Financial Planner Bill Tracker Debt Tracker,PrioriDigitalStudio,-36%,$110.081,5.515,3.0,$20,"Oct 10, 2024",1.369,13.081,702.302,download,4.8,137,N/A,13,No,No,No,N/A,Yes,237,2007_2009,i_did,No,167.286,"Mar 18, 2023",CA,21,Personal Finance Templates,30
Ultimate Finance Dashboard: Annual Budget Spreadsheet for Google Sheets (Digital Download),AbbyOrganizes,+16%,$36.949,1.540,6.5,$24,"Jun 5, 2025",177,1.076,45.186,download,4.9,90,N/A,13,No,No,No,N/A,Yes,16,2007_2009,i_did,No,8.244,"Jun 05, 2025",US,13,Personal Finance Templates,6
Ultimate Annual & Monthly Budget Spreadsheet Excel Google Sheets Budget Template Budget Tracker Financial Planner Bill Tracker Debt Tracker,JrenDigital,-34%,$22.932,916,4.7,$25,"Dec 19, 2023",560,4.725,176.468,download,4.8,139,N/A,13,No,No,No,N/A,Yes,66,2007_2009,i_did,No,79.561,"Feb 23, 2023",AU,31,Personal Finance Templates,7
Simple Budget Planner Spreadsheet | Monthly Paycheck Budget | Google Sheets & Excel Template |  Financial Planner | Yearly Budget,PlanDigitalCrew,-49%,$5.586,835,4.9,$7,"Sep 20, 2024",328,1.204,170.352,download,4.6,129,-1,13,No,No,No,N/A,Yes,18,2007_2009,i_did,No,13.765,"Sep 18, 2023",GB,22,Personal Finance Templates,11
Annual Budget Spreadsheet Excel Google Sheets Budget Template Monthly Budget Tracker Bill Debt Tracker Financial Planner Dark Mode Budget,PrioriDigitalStudio,-4%,$12.389,724,3.5,$17,"Jul 13, 2025",96,600,41.776,download,4.7,137,-1,13,No,No,No,N/A,Yes,237,2007_2009,i_did,No,167.286,"Mar 18, 2023",CA,12,Personal Finance Templates,2
Ultimate Annual Budget Spreadsheet Monthly Budget Template Google Sheets Excel Bill Calendar Debt Savings Tracker Personal Finance Net Worth,HeyMorning,+153%,$13.302,694,4.6,$19,"Dec 4, 2025",53,398,21.022,download,4.9,140,4,13,No,No,No,N/A,No,136,2020_2026,i_did,No,56.887,"Apr 02, 2024",US,7,Personal Finance Templates,2
Ultimate Annual Budget Spreadsheet Monthly Personal Budget Paycheck Financial Planner Bill Calendar Net Worth Tracker Google Sheets Template,WinkySheets,-48%,$11.176,639,4.3,$17,"Aug 15, 2025",125,1.137,43.097,download,4.7,140,1,13,No,No,No,N/A,Yes,31,2007_2009,i_did,No,3.167,"Jul 13, 2025",US,11,Personal Finance Templates,18
Family and Couples Budget Spreadsheet for Household Expenses Kids and Family Monthly Annual Budget Google Sheets Excel Bill Debt Tracker,HeyMorning,+70%,$11.902,621,4.7,$19,"Oct 26, 2025",54,507,21.037,download,4.9,136,-1,13,No,No,No,N/A,No,136,2020_2026,i_did,No,56.887,"Apr 02, 2024",US,8,Personal Finance Templates,2
"Ultimate Annual Budget Spreadsheet Google Sheets With Budget Planner, Bill Calendar, Debt Payoff Tracker, Savings Tracker, Net Worth Tracker",HayeCreativesCo,+688%,$18.946,553,0.9,$34,"Nov 23, 2025",71,1.357,72.278,download,4.7,140,N/A,13,No,No,No,N/A,Yes,41,2007_2009,i_did,No,93.284,"Jan 12, 2022",NL,7,Personal Finance Templates,0
"Ultimate Annual Budget Tracker Spreadsheet Planner Dark Mode Template | Expense, Debt & Savings Tracker, Bill Calendar | Excel Google Sheets",JrenDigital,-84%,$11.466,458,4.1,$25,"Apr 14, 2025",249,1.959,89.795,download,4.8,140,1,13,No,No,No,N/A,Yes,66,2007_2009,i_did,No,79.561,"Feb 23, 2023",AU,15,Personal Finance Templates,3
"Annual Budget By Paycheck & Monthly Spreadsheet Google Sheets and Excel Financial Planner Template Monthly Income, Expense and Bill Tracker",MyProductiveLifeCo,+3600%,$10.146,415,2.2,$24,"Dec 12, 2025",38,543,19.171,download,4.5,139,N/A,13,No,No,No,N/A,Yes,53,2020_2026,i_did,No,60.472,"Oct 14, 2022",CA,7,Personal Finance Templates,0
Ultimate Annual Budget Spreadsheet Monthly Budget Tracker Couple Financial Planner Bill Tracker Debt Tracker Savings Excel Google Sheets,PrioriDigitalStudio,+63%,$7.995,401,4.9,$20,"Sep 7, 2024",72,528,22.609,download,4.8,136,-1,13,No,No,No,N/A,Yes,237,2007_2009,i_did,No,167.286,"Mar 18, 2023",CA,22,Personal Finance Templates,2
Ultimate Budget Planner Annual Monthly Finance Tracker Spreadsheet Template Income Expense Bills Debt Tracker Net Worth Excel Google Sheets,JrenDigital,-48%,$6.288,251,4.4,$25,"Sep 26, 2023",447,3.340,149.250,download,4.8,139,-1,13,No,No,No,N/A,Yes,66,2007_2009,i_did,No,79.561,"Feb 23, 2023",AU,33,Personal Finance Templates,5
Annual Budget Spreadsheet Google Sheets Budget Planner Excel Monthly Budget Template Yearly Budget Financial Planner Expense Tracker Finance,TheWeeklyCrew,-24%,$1.968,232,4.1,$9,"Nov 24, 2023",111,591,32.742,download,5.0,140,-1,13,No,No,No,N/A,Yes,48,2007_2009,i_did,No,152.668,"Jun 09, 2022",PH,31,Personal Finance Templates,0
Ultimate Annual Budget Spreadsheet Google Sheets Excel Budget Template Monthly Budget Planner Family Weekly Yearly Budget Tracker Dark Mode,TheWeeklyCrew,-75%,$2.770,195,2.4,$14,"Nov 15, 2024",220,2.138,113.932,download,4.8,139,-1,13,No,No,No,N/A,Yes,48,2007_2009,i_did,No,152.668,"Jun 09, 2022",PH,20,Personal Finance Templates,1
Premium Weekly and Monthly Budget Planner Spreadsheet | Paycheck Budget | Yearly Budget | Google Sheets & Excel Template | Financial Planner,PlanDigitalCrew,+75%,$1.304,177,1.8,$7,"Aug 6, 2025",11,56,15.130,download,4.8,140,1,13,No,No,No,N/A,Yes,18,2007_2009,i_did,No,13.765,"Sep 18, 2023",GB,11,Personal Finance Templates,0
Annual Budget Spreadsheet | Income Expense Debt Tracker | Excel Google Sheets Budget Planner | Bills & Savings | Family and couple budget,exaccountant,-50%,$2.740,174,4.8,$16,"May 19, 2025",41,246,11.544,download,4.8,137,1,13,No,No,No,N/A,Yes,41,2007_2009,i_did,No,4.443,"Aug 15, 2023",ID,14,Personal Finance Templates,5
Personal Budget Planner Spreadsheet Bundle Annual Paycheck Budget Tracker Template Google Sheets Monthly Bill Calendar Debt Savings Tracker,WinkySheets,-8%,$2.859,164,4.5,$17,"Aug 16, 2025",23,205,7.576,download,4.7,139,3,13,No,No,No,N/A,Yes,31,2007_2009,i_did,No,3.167,"Jul 13, 2025",US,11,Personal Finance Templates,3
Ultimate Budget Spreadsheet Template Google Sheets/Excel | Savings & Debt Tracker | All-In-One Annual Financial Planner Neutral Beige Green,JrenDigital,-48%,$4.069,163,6.9,$25,"Dec 12, 2024",39,173,8.314,download,4.9,139,-1,13,No,No,No,N/A,Yes,66,2007_2009,i_did,No,79.561,"Feb 23, 2023",AU,19,Personal Finance Templates,0
"Ultimate Annual Budget Spreadsheet Budget Spreadsheet Excel Google Sheets, Paycheck Budget Monthly Budget Tracker Bills Debt  Tracker",RichvaleCreatives,0%,$2.477,158,5.7,$16,"Dec 28, 2025",15,59,2.780,download,4.9,133,-1,13,No,No,No,N/A,Yes,56,2007_2009,i_did,No,956,"Dec 06, 2025",CA,6,Personal Finance Templates,9
Monthly Budget Spreadsheet | Excel Budget Template | Simple Annual Budget | Personal Finances | Easy Google Sheets | Financial Planner Easy,SimplyOrganizedPro,-21%,$640,130,4.0,$5,"Aug 14, 2025",25,138,7.401,download,4.4,139,-1,13,No,No,No,N/A,Yes,57,2007_2009,i_did,No,108.840,"Nov 25, 2022",US,11,Personal Finance Templates,0
Ultimate Annual Budget Spreadsheet Dark Mode Yearly Budget Google Sheets Excel Monthly Budget Family Expense Tracker Bill Debt Savings,HeyMorning,+17%,$2.297,128,4.8,$18,"Sep 28, 2025",13,150,4.965,download,4.8,134,-1,13,No,No,No,N/A,No,136,2007_2009,i_did,No,56.887,"Apr 02, 2024",US,9,Personal Finance Templates,1
Couples Budget Planner Monthly Family Budget Template Google Sheets Annual Shared Budget Biweekly Expense Tracker Bill Tracker Spreadsheet,Heart2HeartbyYoli,0%,$1.391,121,4.1,$12,"Feb 19, 2026",5,86,2.981,download,5.0,138,-1,13,No,No,No,N/A,Yes,29,2020_2026,i_did,No,1.935,"Sep 21, 2025",KZ,5,Personal Finance Templates,2
Annual Budget Spreadsheet Google Sheets Excel Personal Finance Template Monthly Budget Planner Bill Tracker Debt Tracker Savings Net Worth,HeyMorning,0%,$2.100,110,3.5,$19,"Apr 13, 2026",6,69,3.127,download,5.0,138,2,13,No,No,No,N/A,No,136,2020_2026,i_did,No,56.887,"Apr 02, 2024",US,3,Personal Finance Templates,0
Family & Couple Budget Spreadsheet for Household Expenses Kids Family Monthly Annual Budget Google Sheets Excel Bill Debt Tracker Dark Mode,PrioriDesignStudio,0%,$1.765,104,5.6,$17,"Jan 24, 2026",5,46,1.859,download,5.0,139,-1,13,No,No,No,N/A,Yes,104,2020_2026,i_did,No,3.335,"Aug 09, 2025",CA,5,Personal Finance Templates,3
Automated Excel Budget Tracker Personal Finance Spreadsheet Yearly Dashboard Monthly Paycheck Planner Income Expense Debt Bills Dark Mode,Planvex,+25%,$398,102,5.5,$4,"Aug 23, 2025",9,47,3.332,download,4.3,137,N/A,13,No,No,No,N/A,Yes,2,2007_2009,i_did,No,184,"Jul 31, 2025",AU,10,Personal Finance Templates,0
Annual Budget Spreadsheet Google Sheets | Monthly Budget Planner Tracker | Debt Snowball Bill Tracker Financial Template,SerenatasJourney,+350%,$2.883,101,2.3,$28,"Dec 12, 2025",11,120,5.371,download,4.6,120,-1,13,No,No,No,N/A,Yes,140,2007_2009,i_did,No,37.324,"Feb 21, 2023",GR,7,Personal Finance Templates,0
"Annual Budget Spreadsheet for Google Sheets, Monthly Weekly Biweekly Paycheck Budget Planner Template, Debt Payoff Tracker, Bill Calendar",HayeCreativesCo,-88%,$2.205,97,2.2,$23,"Oct 30, 2024",186,1.747,75.221,download,4.8,137,2,13,No,No,No,N/A,Yes,41,2007_2009,i_did,No,93.284,"Jan 12, 2022",NL,20,Personal Finance Templates,1
Ultimate Annual Budget Spreadsheet Excel Google Sheets Monthly Budget Template Bill Calendar Debt Tracker Savings Tracker Personal Finances,RichvaleCreatives,0%,$1.486,95,5.0,$16,"Dec 20, 2025",9,28,1.895,download,4.1,139,-1,13,No,No,No,N/A,Yes,56,2007_2009,i_did,No,956,"Dec 06, 2025",CA,7,Personal Finance Templates,6
"Monthly & Annual Budget Spreadsheet, Dark Mode, Google Sheets Template (Digital Download), Expense Tracker",OneStopSpreadsheets,+50%,$1.367,86,3.0,$16,"Apr 3, 2024",47,394,22.511,download,4.9,106,N/A,13,No,No,No,N/A,Yes,10,2007_2009,i_did,No,3.082,"Jan 31, 2024",CA,27,Personal Finance Templates,2
Budget Spreadsheet Google Sheets | Annual Monthly Budget Planner | Personal Finance Tracker | Bills Savings Debt Tracker | Instant Download,TemplateTimeDesigns,0%,$1.058,81,18.9,$13,"Feb 3, 2026",18,3,431,download,5.0,139,N/A,13,No,No,No,N/A,Yes,82,2020_2026,i_did,No,552,"Aug 04, 2023",US,5,Personal Finance Templates,12
Ultimate Annual Budget Spreadsheet Google Sheets Budget Planner Budget Template Budget Tracker Savings Tracker Debt Tracker,CoplentyOfficial,-38%,$2.022,78,3.5,$26,"Sep 12, 2022",405,1.852,113.786,download,4.9,123,N/A,13,No,No,No,N/A,Yes,7,2020_2026,i_did,Yes,57.954,"Jun 18, 2022",RO,46,Personal Finance Templates,0
Ultimate Annual Budget Google Sheets Excel Budget Template Monthly Budget Spreadsheet Bill Calendar Debt Savings Tracker Finance Planner,HeyMorning,-60%,$1.313,73,4.8,$18,"Sep 16, 2025",14,116,5.383,download,4.0,136,-1,13,No,No,No,N/A,No,136,2007_2009,i_did,No,56.887,"Apr 02, 2024",US,10,Personal Finance Templates,1
Ultimate Annual Budget Spreadsheet | Sinking Funds / Goal Tracker | Calendar | Subscription Tracker | Annual Monthly Budget Google Sheets,FinancePlannerSheets,0%,$750,72,5.3,$10,"Jan 10, 2025",15,63,4.085,download,4.7,137,-1,13,No,No,No,N/A,Yes,51,2007_2009,i_did,No,3.225,"Jun 06, 2023",IN,18,Personal Finance Templates,3
"The All In One Personal Budget Planner with YoY Comparison, Annual, Monthly, Bi-Weekly Google Sheets & Excel Template",SageDigitalTemplates,0%,$424,71,11.9,$6,"Mar 27, 2026",9,23,593,download,5.0,117,1,13,No,No,No,N/A,Yes,31,2020_2026,i_did,No,770,"Mar 26, 2026",US,3,Personal Finance Templates,3
"Annual Budget & Goal Tracker for Credit Card Users, Google Sheets, Includes How to Video",MintedMoney,-76%,$1.541,68,4.6,$23,"Dec 31, 2023",87,321,32.027,download,4.6,88,-1,13,No,No,No,N/A,Yes,9,2007_2009,i_did,No,5.252,"Dec 31, 2023",CA,30,Personal Finance Templates,3
One Sheet Annual Budget - Income & Expense Tracker - Personal Finance Planner - Google Sheets Template - Spreadsheet - Instant Download,OBspreadsheet,+50%,$374,62,5.0,$6,"Nov 7, 2023",17,193,7.099,download,4.2,135,-1,13,No,No,No,N/A,Yes,130,2007_2009,i_did,No,12.408,"May 30, 2023",TR,32,Personal Finance Templates,4
50 30 20 budget | 50 30 20 budget personal finance templates | 50 30 20 budget planner | 50 30 20 budget spreadsheet | Annual and Monthly,FinancePlannerSheets,+33%,$600,58,6.0,$10,"Apr 18, 2025",10,42,2.394,download,4.5,137,-1,13,No,No,No,N/A,Yes,51,2007_2009,i_did,No,3.225,"Jun 06, 2023",IN,15,Personal Finance Templates,2
Biweekly Paycheck Budget Google Sheets Excel Monthly Budget by Paycheck Personal Finance Spreadsheet Debt Savings Bill Tracker Annual Budget,HeyMorning,0%,$1.050,55,3.9,$19,"Apr 19, 2026",3,40,1.410,download,5.0,140,-1,13,No,No,No,N/A,No,136,2020_2026,i_did,No,56.887,"Apr 02, 2024",US,3,Personal Finance Templates,0
"Annual Budget & Goal Tracker for Debit/ Cash Users, Google Sheets, Includes How to Video",MintedMoney,+200%,$1.156,51,3.3,$23,"Feb 8, 2024",11,70,5.637,download,4.6,88,-1,13,No,No,No,N/A,Yes,9,2007_2009,i_did,No,5.252,"Dec 31, 2023",CA,29,Personal Finance Templates,0
Budget Planner Bundle Google Sheets Annual Monthly 50/30/20 Weekly Paycheck Tracker Personal Finance Template 70/20/10,SheetDesignLab,-33%,$356,50,9.0,$7,"Nov 3, 2025",5,36,1.392,download,4.8,118,-1,13,No,No,No,N/A,Yes,42,2007_2009,i_did,No,3.541,"Sep 07, 2025",US,8,Personal Finance Templates,1
Ultimate Annual Budget Spreadsheet | Excel Google Sheets Budget Template | Monthly Budget Tracker | Debt Tracker | Financial Planner,SimplyOrganizedPro,-79%,$1.077,47,5.1,$23,"Aug 7, 2025",23,125,5.291,download,4.9,132,N/A,13,No,No,No,N/A,Yes,57,2007_2009,i_did,No,108.840,"Nov 25, 2022",US,11,Personal Finance Templates,0
Annual Budget Spreadsheet Monthly Budget Planner Couple Financial Tracker Bill Tracker Debt Tracker Savings Easy Excel Budget Google Sheets,PrioriDigitalStudio,0%,$461,46,4.0,$10,"Oct 2, 2024",10,97,3.845,download,4.7,139,-1,13,No,No,No,N/A,Yes,237,2007_2009,i_did,No,167.286,"Mar 18, 2023",CA,21,Personal Finance Templates,0
Apple Numbers Annual Budget Template: Personal Finance Spreadsheet,LionsPlanner,+200%,$0,43,5.1,$10,"Oct 8, 2024",4,13,1.116,download,4.8,66,-1,13,No,No,No,N/A,Yes,17,2007_2009,i_did,No,185,"Oct 04, 2024",TR,21,Personal Finance Templates,5
Annual Budget Spreadsheet Excel and Google Sheets Yearly Budget Planner Biweekly Budget Monthly Budget Family Expense Tracker Debt Tracker,PrioriDesignStudio,0%,$530,42,12.3,$13,"Aug 30, 2025",2,16,338,download,4.0,138,-1,13,No,No,No,N/A,Yes,104,2007_2009,i_did,No,3.335,"Aug 09, 2025",CA,10,Personal Finance Templates,1
Yearly Budget Template Excel and Google Sheets Monthly Budget Planner Annual Budget Spreadsheet Family Financial Planner Savings Tracker,PrioriDesignStudio,+100%,$471,42,7.4,$11,"Aug 30, 2025",3,19,845,download,5.0,136,-1,13,No,No,No,N/A,Yes,104,2007_2009,i_did,No,3.335,"Aug 09, 2025",CA,10,Personal Finance Templates,2
"Annual & Monthly Budget Spreadsheet, Google sheets template, Annual Planner, Financial Planner, Yearly Budget, Personal Annual Spreadsheet",LinkDigitalStudio,0%,$213,41,12.0,$5,"Jun 23, 2025",4,9,676,download,5.0,138,-1,12,No,No,No,N/A,Yes,931,2007_2009,i_did,No,6.613,"Jun 11, 2025",IN,12,Personal Finance Templates,11
Ultimate Annual Budget Spreadsheet Google Sheets Monthly Budget Template Yearly Budget Planner Debt Snowball Sinking Funds Financial Tracker,PlannifySheets,0%,$0,37,20.0,$4,"Mar 2, 2025",1,5,185,download,5.0,140,3,13,No,No,No,N/A,Yes,16,2007_2009,i_did,No,185,"Feb 05, 2025",RS,16,Personal Finance Templates,0
Ultimate Family Annual Budget Spreadsheet Google Sheets Couples Budgeting Planner Yearly Budget Template Debt Snowball Sinking Funds Tracker,PlannifySheets,0%,$0,37,39.0,$4,"Mar 3, 2025",1,2,95,download,5.0,140,-1,13,No,No,No,N/A,Yes,16,2007_2009,i_did,No,185,"Feb 05, 2025",RS,16,Personal Finance Templates,0
Ultimate Annual Budget Spreadsheet | Excel Google Sheets Budget Template | Monthly Budget Tracker | Debt Tracker | Financial Planner,SimplyOrganizedPro,-62%,$808,35,6.0,$23,"Jul 11, 2025",18,66,3.572,download,4.4,132,-1,13,No,No,No,N/A,Yes,57,2007_2009,i_did,No,108.840,"Nov 25, 2022",US,12,Personal Finance Templates,0