"Keywords","Views","Competing Listings","Sales","Average Price","Recommendation"
printable planner,1.651.216,697.369,35.006,"$5,61",2%
planner stickers,551.483,584.476,11.691,"$3,98",2%
decorative stickers,775.136,93.353,16.433,"$8,15",2%
cut files png pdf,149.673,96.512,3.173,"$3,45",2%
stickers for planner,532.681,585.732,11.293,"$5,4",2%
budget planner,4.672.798,157.686,99.063,"$9,54",2%
a5 planner stickers,325.268,15.733,6.896,"$4,37",64%
hobonichi planner,135.970,43.680,2.883,"$2,7",2%
stickers,3.066.417,4.277.482,65.008,"$7,22",2%
digital download,510.875,9.738.376,10.831,"$5,7",2%
habit tracker,1.265.349,94.166,26.825,"$7,95",2%
teacher planner,2.649.636,75.402,56.172,"$12,32",2%
savings tracker,3.099.703,83.328,65.714,"$7,4",2%
functional stickers,519.101,64.864,11.005,$5,2%
planner sticker,1.272.336,587.076,26.974,"$6,14",2%
digital planner,4.763.207,719.952,100.980,"$6,75",2%
canva template,380.759,1.541.599,8.072,"$8,2",2%
daily planner,3.178.021,257.371,67.374,"$7,44",2%
planner layout label,303.087,3.833,6.425,"$5,33",91%
hobo a5 cousin,371.053,1.784,7.866,"$7,57",96%