"Title","Shop","Monthly Trend","Monthly Revenue","Monthly Sales","Conversion","Price","Date Listed","Reviews","Favorites","Views","Type","Rating","Title Length","Feature Rank","Tags Count","Customizable","Personalizable","Variants","Processing Time","Auto Renew","Digital Listings","Date Made","Maker","Supply item","Shop Sales","Shop Age","Location","Age","Category","Outlier"
Tracing Book bundle for Remarkable  paper pro and remarkable 2 devices | templates for remarkable |  planners for remarkable paper pro e-ink,toffiyaah,+100%,$20.543,15,4.0,$1.397,"Apr 15, 2025",18,167,3.288,download,3.9,140,-1,13,No,No,No,N/A,Yes,284,2020_2026,i_did,No,5.383,"Jun 28, 2020",US,15,Planner Templates,14
2026 BIG Journal Bundle - PRINTABLE Journal Pages - Digital Planner Pages - A5 & A4 Size - 2026 Journal - Digital Download - 194 Pages,LittleBirdieCanada,-30%,$16.813,567,4.1,$30,"Oct 9, 2025",828,4.707,366.769,download,4.9,134,1,13,No,No,No,N/A,No,983,2020_2026,i_did,No,407.126,"Jan 29, 2023",CA,9,Planner Templates,37
"Emergency Binder Planner Fillable Printable PDF, What If Binder Bundle, Just In Case of Emergency Digital Organizer, End of Life Planner",ByOrganizedDigitally,+100%,$16.051,25,4.7,$640,"May 27, 2024",75,1.088,20.076,download,4.9,136,1,13,No,No,No,N/A,Yes,13,2007_2009,i_did,No,1.367,"Jun 03, 2024",PH,25,Binders & Covers,9
Ultimate Annual Budget Spreadsheet Excel Google Sheets Budget Template Monthly Budget Tracker Financial Planner Bill Tracker Debt Tracker,PrioriDigitalStudio,-8%,$13.976,707,3.0,$20,"Oct 10, 2024",1.359,12.972,693.760,download,4.8,137,N/A,13,No,No,No,N/A,Yes,237,2007_2009,i_did,No,166.351,"Mar 18, 2023",CA,21,Personal Finance Templates,30
"Portrait Digital Planner 2026 2027 2028 & Undated, Goodnotes Planner, Daily Planner, Weekly Planner, Notability Planner, iPad Planner",KatacosmicDesign,-38%,$6.798,99,1.1,$69,"Nov 21, 2023",255,6.640,275.467,download,4.5,133,3,13,No,No,No,N/A,Yes,445,2007_2009,i_did,No,52.817,"Jun 13, 2021",US,31,Planner Templates,26
"Work Planner: Printable, Office Organizer, Work Management, Freelancer, Productivity, Business",OriginalandcrDesigns,+100%,$6.595,21,1.4,$320,"Dec 8, 2024",11,381,8.356,download,4.5,94,N/A,13,No,No,No,N/A,Yes,26,2006_2009,i_did,No,773,"Apr 27, 2023",US,19,Planner Templates,4
PLR Spreadsheets Bundle Commercial Use PLR Google Sheets Bundle Resell Rights PLR Template Budget Spreadsheet Debt Tracker Bill Calendar,PrioriDigitalStudio,0%,$6.511,15,1.2,$423,"Dec 8, 2023",14,357,18.335,download,5.0,136,-1,13,No,No,No,N/A,Yes,237,2007_2009,i_did,No,166.351,"Mar 18, 2023",CA,31,Templates,0
Wedding Planner Spreadsheet Wedding Budget Tracker Wedding Timeline Checklist Guest List Tracker Wedding Itinerary Seating Plan Wedding Gift,PrioriDigitalStudio,+64%,$6.489,354,3.4,$18,"Mar 24, 2024",1.075,11.656,490.343,download,4.6,140,2,13,No,No,No,N/A,Yes,237,2007_2009,i_did,No,166.351,"Mar 18, 2023",CA,27,Templates,24
"SHOP BUNDLE 2026, 2027 Digital Planner GoodNotes iPad Template Android Notability Journal Stickers Printables & Inserts",LetsPlanPlanners,-22%,$6.196,125,2.0,$49,"Nov 21, 2023",787,10.130,344.758,download,4.9,119,N/A,13,No,No,No,N/A,Yes,350,2007_2009,i_did,No,50.791,"Jul 08, 2021",US,31,Planner Templates,49
"Wedding Planning Spreadsheet - Google Sheets Template | Budget Tracker, Checklist, Seating Chart, Timeline, Tips | Blue Digital Planner",SkylerAnneOlson,-18%,$5.700,98,2.7,$58,"Jun 10, 2025",132,1.051,53.260,download,4.9,135,N/A,13,No,No,No,N/A,Yes,53,2020_2026,i_did,Yes,16.566,"Jul 06, 2023",US,13,Templates,5
Budget Planner Google Sheet Monthly Budget Spreadsheet Paycheck Budget Template Simple Weekly Financial Planner Beginners Biweekly Budgeting,ExclusiveDesignLab,+10%,$4.943,2.497,6.9,$2,"Nov 25, 2023",2.912,12.013,722.982,download,4.8,140,-1,13,No,No,No,N/A,No,426,2007_2009,i_did,No,193.855,"Jan 14, 2023",IN,31,Templates,109
"Dark Mode Digital Planner, Digital Life Planner, Undated Digital Planner for iPad, Notability Planner, Goodnotes Template, XODO Planner",IsideCo,0%,$4.796,12,1.7,$400,"Feb 26, 2021",4,135,2.829,download,5.0,135,-1,13,No,No,No,N/A,Yes,42,2007_2009,i_did,No,3.130,"Feb 12, 2021",US,64,Digital Prints,1
Biweekly Paycheck Budget Spreadsheet Bill Calendar Weekly Monthly Budget Planner Expense Savings Debt Tracker Google Sheets Excel Template,JrenDigital,-25%,$4.608,221,3.0,$21,"Jan 27, 2024",292,3.967,142.983,download,4.8,138,2,13,No,No,No,N/A,Yes,66,2007_2009,i_did,No,79.145,"Feb 23, 2023",AU,29,Personal Finance Templates,4
Wedding Planner Spreadsheet Wedding Budget Tracker Wedding Checklist Guest List Seating Plan Wedding Itinerary Gift Vendor Google Sheets,ExclusiveDesignLab,+160%,$4.441,222,5.7,$20,"Jan 20, 2025",135,1.020,40.458,download,4.7,136,-1,13,No,No,No,N/A,No,426,2007_2009,i_did,No,193.855,"Jan 14, 2023",IN,17,Templates,5
"1000+ Happy Planner Templates, Printable and Digital, HP Inserts & Covers 2026-2027",EvoPrintables,+38%,$4.426,148,2.5,$30,"Sep 9, 2020",1.156,18.066,634.667,download,4.6,83,1,13,No,No,No,N/A,Yes,807,2007_2009,i_did,No,84.540,"Feb 21, 2019",US,70,Planner Templates,151
Custom Digital Planner 2026 2027 & Undated (2027–2030 Future Planner Included),ForLittleLion,+700%,$4.241,113,2.3,$38,"Sep 14, 2022",364,5.400,224.202,download,4.7,78,7,13,No,No,No,N/A,Yes,74,2007_2009,i_did,No,113.081,"Aug 20, 2019",AU,46,Planner Templates,3
"Open-Up Pouch PDF Sewing Pattern | Quilted Makeup Bag, Toiletry Travel Organizer (3 Sizes)",CoralineStreet,-43%,$4.127,344,3.5,$12,"Mar 21, 2026",91,5.296,42.864,download,4.9,90,3,13,No,No,No,N/A,Yes,13,2020_2026,i_did,Yes,7.861,"Jun 20, 2020",BR,3,Patterns & Blueprints,2
"Productivity Bundle for reMarkable Paper Pro: 1900+ Items, 2026 Planner, Stickers, (Digital Download)",DesignersKitCo,+100%,$4.035,54,5.4,$74,"Nov 7, 2025",20,101,5.041,download,4.7,101,-1,13,No,No,No,N/A,No,307,2007_2009,i_did,No,23.060,"Nov 01, 2022",CZ,8,Planner Templates,4
"Construction Project Tracker Excel Template | Gantt Chart, Kanban Board, Job Schedule Calendar Planner",MightyTemplate,0%,$3.876,60,1.6,$65,"Feb 2, 2025",7,163,8.669,download,4.3,102,3,13,No,No,No,N/A,Yes,9,2007_2009,i_did,No,2.763,"Oct 15, 2022",US,17,Templates,0
"600 Page Canva Wedding Planner Template Bundle, Wedding Checklist, Engagement Party Binder,  Wedding Itinerary, Wedding Day Binder",Eventovias,-25%,$3.713,41,6.0,$90,"Aug 19, 2024",462,3.691,106.337,download,4.8,130,6,13,No,No,No,N/A,Yes,263,2007_2009,i_did,Yes,13.984,"Jun 10, 2024",HR,22,Templates,119
"The Ultimate 160 Page Wedding Day Binder Template, Wedding Day Coordination, Wedding Day Information,Wedding Itinerary,Wedding Planner,Canva",tinacreativeco,-15%,$3.705,263,6.6,$14,"Oct 17, 2023",842,5.109,146.598,download,4.9,140,36,13,No,No,No,N/A,Yes,145,2020_2026,i_did,No,92.837,"May 13, 2022",CA,32,Templates,15
READING JOURNAL BUNDLE - Printable Journal Pages - Digital Planner Pages - A5 & A4 Size - Value Pack - 28 Pages - Dots and No Dots,LittleBirdieCanada,+18%,$3.693,238,4.8,$16,"Oct 18, 2024",343,2.858,131.662,download,4.9,130,3,13,No,No,No,N/A,No,983,2007_2009,i_did,No,407.126,"Jan 29, 2023",CA,20,Planner Templates,15
Showit Website Template For Photographer | Modern Showit Template | Luxury Designer Website Template | Wedding Photography Website,CotswoldDesignsStore,0%,$3.548,18,1.6,$194,"Nov 4, 2024",3,148,3.545,download,5.0,130,-1,13,No,No,No,N/A,Yes,19,2007_2009,i_did,No,1.044,"Sep 05, 2024",GB,20,Website Templates,1
Squarespace 7.1 Creative Studio Website Template | Portfolio & Online Store Website | Editorial Retro Design for Designers and Photographers,AlicoArtStudio,0%,$3.529,8,2.5,$440,"Dec 15, 2025",1,17,324,download,5.0,140,3,12,No,Yes,No,N/A,Yes,332,2007_2009,i_did,No,2.246,"Mar 25, 2021",TR,7,Social Media Templates,1
"27 Gallon Tote Rack Plans, Tote Garage Storage Shelves, Organization Storage Plans, Basement Organizer, Lowes and Sams Club Totes Bag Holder",MyJewelyCrafts,+18%,$3.444,327,0.5,$11,"Jul 4, 2024",290,1.948,925.932,download,4.9,140,3,13,No,No,No,N/A,Yes,69,2007_2009,i_did,No,9.543,"Mar 04, 2024",US,24,Patterns & Blueprints,34
12 Months of Journal Bundles - Pre-Coloured - PRINTABLE Journal Pages - Digital Planner Pages - A5 & A4 Size - Color - Digital Download,LittleBirdieCanada,+50%,$3.254,110,1.8,$30,"Dec 1, 2025",68,921,69.825,download,4.8,135,N/A,13,No,No,No,N/A,No,983,2007_2009,i_did,No,407.126,"Jan 29, 2023",CA,7,Planner Templates,3
"Ultimate Wedding Planning Binder Template, Customizable Canva Template, Printable Wedding Planner, Day Of Binder,Itinerary Planner Checklist",SkylerAnneOlson,0%,$3.167,55,3.3,$58,"Jul 8, 2023",303,3.026,99.800,download,4.9,140,1,13,No,No,No,N/A,Yes,53,2020_2026,i_did,Yes,16.566,"Jul 06, 2023",US,36,Templates,11
"Ultimate Wedding Planning Binder Template | Classic Theme, Customizable Canva Template, Printable Wedding Planner & Day Of Binder, Checklist",SkylerAnneOlson,+400%,$3.167,55,2.6,$58,"Jul 29, 2024",79,994,32.685,download,4.7,140,-1,13,No,No,No,N/A,Yes,53,2007_2009,i_did,Yes,16.566,"Jul 06, 2023",US,23,Templates,3
Reading Journal Digital Planner for iPad & Android Gift for Book Lover Reading Log Record Reviews Track Goals Notability GoodNotes Planner,LetsPlanPlanners,+67%,$3.122,179,1.9,$17,"Jan 31, 2024",484,9.054,227.849,download,4.8,138,1,13,No,No,No,N/A,Yes,350,2007_2009,i_did,No,50.791,"Jul 08, 2021",US,29,Journals & Notebooks,30
"All-in-One Digital Planner 2026, 2027, 2028 Digital Planner, Digital Journal, Digital Goodnotes Template, Weekly, Daily Planner, Notability",phenixdigital,-7%,$3.056,772,3.3,$4,"Sep 22, 2024",3.347,20.725,1.088.490,download,4.7,139,2,13,No,No,No,N/A,Yes,56,2007_2009,i_did,No,102.043,"Dec 24, 2020",IN,21,Planner Templates,20
"1500+ Procreate Clothing Brushes | Streetwear Mockups Designer Brush Set bundle | Stitches, Chains, Textures, Zippers, tech pack template",UrbanDistro,-37%,$2.963,63,4.8,$47,"Mar 23, 2026",25,203,6.555,download,5.0,137,4,13,No,No,No,N/A,Yes,58,2020_2026,i_did,No,9.183,"Sep 03, 2023",GB,3,Digital,2
ADHD Life Planner Google Sheets Excel Daily Planner Budget Tracker Habit Tracker Productivity Spreadsheet Monthly Weekly Calendar Routine,HeyMorning,0%,$2.922,183,1.6,$16,"Feb 22, 2026",36,1.467,40.329,download,4.7,137,N/A,13,No,No,No,N/A,No,136,2020_2026,i_did,No,56.594,"Apr 02, 2024",US,4,Planner Templates,2
"Digital Planner Bundle: 2026 2027 2028 & Undated, All-in-One Digital Planner for iPad and Tablets, Goodnotes Planner, Aesthetic Planner",TheMAMdesign,+150%,$2.849,95,2.3,$30,"Dec 22, 2024",68,1.481,55.809,download,4.7,135,N/A,13,No,No,No,N/A,Yes,46,2007_2009,i_did,No,18.364,"Mar 10, 2017",US,18,Planner Templates,3
"Ultimate Digital Planner Bundle, Goodnotes iPad Templates, Notability, Android, Journal, Daily, Weekly, Monthly Planners, Stickers & Inserts",PlanRightCo,+300%,$2.771,69,5.0,$40,"Feb 22, 2025",129,1.305,44.481,download,4.8,140,-1,13,No,No,No,N/A,Yes,320,2007_2009,i_did,No,85.148,"Nov 05, 2021",US,16,Planner Templates,8
Ultimate Wedding Planner Bundle: Google Sheets & Canva Templates Digital Download,ByHeidiGB,+33%,$2.700,285,6.0,$9,"Aug 12, 2025",161,540,47.736,download,4.8,81,N/A,13,No,No,No,N/A,Yes,821,2007_2009,i_did,No,13.391,"Nov 07, 2024",GB,11,Templates,177
"400 Page Canva Wedding Planner Template Bundle, Wedding Planner,Wedding Itinerary,Wedding Planning Book,Wedding Planning Checklist,Binder",tinacreativeco,+200%,$2.662,103,4.6,$26,"Sep 11, 2023",863,6.923,214.801,download,4.9,137,34,13,No,No,No,N/A,Yes,145,2007_2009,i_did,No,92.837,"May 13, 2022",CA,34,Templates,15
THE METATRONIC SHADOW — Forbidden Architect Current Attunement + Charged Digital Artwork,TempleOfAscensions,0%,$2.661,5,4.0,$541,"Nov 17, 2025",3,13,367,download,5.0,88,-1,0,No,No,No,N/A,Yes,702,made_to_order,i_did,No,197,"Aug 22, 2025",AU,7,Tarot Readings & Divinations,53
"Stress-Free 500+ Page Wedding Planner Bundle, Wedding Binder, Wedding Planner Book, Printable Wedding Planner, Digital Wedding Planner",IvyRepublicDesigns,-20%,$2.623,45,2.3,$58,"Jun 23, 2025",27,530,13.352,download,4.8,134,N/A,13,No,No,No,N/A,Yes,37,2007_2009,i_did,No,1.516,"Jun 21, 2025",US,12,Templates,7
Small Business Bundle Bookkeeping Inventory Tracker Order Tracker Product Handmade Pricing Calculator Smart Bill Calendar Google Sheet Excel,PrioriDigitalStudio,-25%,$2.603,92,2.8,$28,"Dec 10, 2023",605,11.721,331.222,download,4.8,140,3,13,No,No,No,N/A,Yes,237,2007_2009,i_did,No,166.351,"Mar 18, 2023",CA,31,Planner Templates,13
2026 Wall Calendar: Portrait Year-at-a-Glance Planner (Printable PDF),HypePaper,0%,$2.585,12,9.4,$220,"Apr 7, 2025",18,89,2.249,download,5.0,69,N/A,13,No,No,No,N/A,Yes,52,2020_2025,i_did,No,1.903,"May 25, 2023",TR,15,Wall Calendars,6
"Co-Parenting Documentation Bundle | Custody Calendar, Child Support & Expense Tracker | Visitation Log and Parenting Time Planner",TheTreasuredTreetop,+150%,$2.533,133,6.5,$19,"Sep 27, 2025",48,251,9.853,download,4.7,129,-1,13,No,No,No,N/A,Yes,70,2007_2009,i_did,No,2.094,"Feb 01, 2025",US,9,Planner Templates,23
Travel Planner Travel Itinerary Template Trip Planner Google Sheets Vacation Planner Holiday Budget Spreadsheet Checklist Packing List Guide,ExclusiveDesignLab,-50%,$2.460,103,2.5,$24,"Aug 12, 2025",64,1.198,44.053,download,4.5,140,-1,13,No,No,No,N/A,No,426,2007_2009,i_did,No,193.855,"Jan 14, 2023",IN,11,Planner Templates,2
Digital Planner Whole Shop Bundle iPad Android Journal Notebook Stickers Budget Meal Fitness Goals Goodnotes Notability Hyperlinked Set,LetzPlan,+200%,$2.455,53,5.0,$46,"Jun 8, 2025",25,310,8.839,download,4.5,135,N/A,13,No,No,No,N/A,Yes,330,2007_2009,i_did,No,11.744,"Oct 10, 2022",US,13,Planner Templates,13
"Sunflower Wall Organizer Crochet Pattern PDF, Hanging Storage Pocket, Boho Home Decor, Nursery Organizer, Crochet Gift, Easy DIY Pattern",CrochetNestX,+71%,$2.403,309,3.0,$8,"May 9, 2026",57,2.387,16.503,download,4.8,136,3,13,No,No,No,N/A,Yes,270,2020_2026,i_did,Yes,5.922,"Sep 11, 2025",US,2,Patterns & Blueprints,22
"Full Shop Access for reMarkable Paper Pro Move Collection: All-In-One Bundle With Calendars, Planners, Notebooks, Trackers, Templates & More",StudioPiksels,0%,$2.340,24,2.7,$97,"Sep 19, 2025",36,401,16.086,download,4.4,140,1,13,No,No,No,N/A,No,489,2020_2026,i_did,No,20.896,"Jun 01, 2024",US,9,Planner Templates,10
Minimal Squarespace Website Template | 7.1 Portfolio Theme for Architects + Creatives,TheSoftVoice,0%,$2.311,11,1.3,$216,"Sep 26, 2025",4,204,3.207,download,5.0,85,-1,13,No,Yes,No,N/A,Yes,20,2020_2026,i_did,No,556,"Oct 08, 2024",TR,9,Website Templates,2
"Shopify Theme Template,Groovy pink Shopify Boutique theme with canva banners,Neutral Website,Shopify Banner Template with Shopify Planner",FlickDesigners,0%,$2.293,23,2.3,$100,"Oct 5, 2024",8,269,4.080,download,4.6,137,6,13,No,No,No,N/A,Yes,101,2006_2009,i_did,No,688,"Jan 06, 2023",US,21,Website Templates,13
"Ultimate Notion Life Planner Template – All-In-One Second Brain Dashboard (Digital Download, PLR & MRR License Included)",DIGIstoreCollections,+100%,$2.244,22,0.7,$100,"Feb 1, 2026",5,242,8.151,download,5.0,120,3,13,No,No,No,N/A,Yes,95,2020_2026,i_did,No,1.515,"Apr 14, 2024",UA,5,Planner Templates,4
"Custom Full Wrap Book Cover Design, eBook Cover, Personalized Book Cover Art, Book Cover Designer, Amazon KDP, Self Publishing, Professional",PrintoPunto,0%,$2.234,12,14.3,$181,"Dec 5, 2025",5,23,431,download,5.0,140,3,13,No,Yes,No,N/A,Yes,277,made_to_order,i_did,No,852,"Mar 28, 2025",TR,7,Digital Prints,20
"Notion Ultimate Life Planner Template, Full Life Second Brain Database",PineberryPlanner,0%,$2.174,75,0.8,$29,"Dec 17, 2025",19,933,29.706,download,5.0,70,2,13,No,No,No,N/A,Yes,32,2007_2009,i_did,No,19.753,"Aug 12, 2019",US,6,Calendars & Planners,0